timing_step_id,method,method_key,gate_fraction,tns,wns,exported_pair_count,total_exported_weight_mass
1,DCF v5 hybrid,dcf_v5_hybrid_l010,-,-208.66612,-13.3625078125,101818,1034707.3954591751
2,DCF v5 hybrid,dcf_v5_hybrid_l010,-,-210.01698,-35.77564453125,153484,1556177.091492653
3,DCF v5 hybrid,dcf_v5_hybrid_l010,-,-103.21738,-18.72076171875,173167,1758590.5612182617
4,DCF v5 hybrid,dcf_v5_hybrid_l010,-,-48.93207,-18.126630859375,188081,1910868.4918327332
5,DCF v5 hybrid,dcf_v5_hybrid_l010,-,-42.67016,-20.4713671875,202073,2053335.2632751465
6,DCF v5 hybrid,dcf_v5_hybrid_l010,-,-35.1023425,-17.4443125,215330,2188540.1789398193
7,DCF v5 hybrid,dcf_v5_hybrid_l010,-,-35.407905,-17.35175390625,225097,2289106.6082811356
8,DCF v5 hybrid,dcf_v5_hybrid_l010,-,-32.157255,-16.8634453125,234174,2382895.2620153427
9,DCF v5 hybrid,dcf_v5_hybrid_l010,-,-30.497665,-16.0391533203125,241698,2461328.3631744385
10,DCF v5 hybrid,dcf_v5_hybrid_l010,-,-28.856425,-11.670333984375,247985,2528591.0970697403
11,DCF v5 hybrid,dcf_v5_hybrid_l010,-,-26.66543,-8.7881376953125,253549,2589745.53069973
12,DCF v5 hybrid,dcf_v5_hybrid_l010,-,-21.74453,-5.3796982421875,256606,2627897.3199625015
13,DCF v5 hybrid,dcf_v5_hybrid_l010,-,-18.75172875,-5.24668310546875,259109,2660406.033569336
14,DCF v5 hybrid,dcf_v5_hybrid_l010,-,-17.03962875,-4.3243701171875,260691,2684914.7288150787
15,DCF v5 hybrid,dcf_v5_hybrid_l010,-,-18.68525125,-4.614025390625,261881,2704327.46125412
16,DCF v5 hybrid,dcf_v5_hybrid_l010,-,-16.72254625,-4.70081591796875,262698,2718799.948366165
17,DCF v5 hybrid,dcf_v5_hybrid_l010,-,-15.7863825,-4.43128515625,263532,2733262.568131447
18,DCF v5 hybrid,dcf_v5_hybrid_l010,-,-15.20309125,-4.38512255859375,264031,2743944.283958435
19,DCF v5 hybrid,dcf_v5_hybrid_l010,-,-14.65546375,-4.34347216796875,264483,2754063.0129737854
1,DCF v5.1 gated hybrid,dcf_v5_1_gated_g010,0.10,-208.66612,-13.3625078125,101818,1034690.6395158768
2,DCF v5.1 gated hybrid,dcf_v5_1_gated_g010,0.10,-210.05154,-35.77517578125,153475,1556065.4857587814
3,DCF v5.1 gated hybrid,dcf_v5_1_gated_g010,0.10,-103.20637,-18.720423828125,173173,1758635.8688764572
4,DCF v5.1 gated hybrid,dcf_v5_1_gated_g010,0.10,-48.92811,-18.126623046875,188078,1910829.1068077087
5,DCF v5.1 gated hybrid,dcf_v5_1_gated_g010,0.10,-42.659845,-20.4695546875,202044,2053033.6370782852
6,DCF v5.1 gated hybrid,dcf_v5_1_gated_g010,0.10,-35.1401525,-17.445021484375,215421,2189440.2641038895
7,DCF v5.1 gated hybrid,dcf_v5_1_gated_g010,0.10,-35.4062625,-17.36357421875,225119,2289313.1500597
8,DCF v5.1 gated hybrid,dcf_v5_1_gated_g010,0.10,-31.906365,-16.856859375,233982,2380947.9253787994
9,DCF v5.1 gated hybrid,dcf_v5_1_gated_g010,0.10,-30.346855,-16.0250322265625,241191,2456211.836753845
10,DCF v5.1 gated hybrid,dcf_v5_1_gated_g010,0.10,-27.879655,-11.480201171875,247279,2521469.0572242737
11,DCF v5.1 gated hybrid,dcf_v5_1_gated_g010,0.10,-26.545685,-8.846474609375,252663,2580748.589761734
12,DCF v5.1 gated hybrid,dcf_v5_1_gated_g010,0.10,-22.15603,-5.3815126953125,255977,2621427.0772218704
13,DCF v5.1 gated hybrid,dcf_v5_1_gated_g010,0.10,-18.34136125,-5.21898486328125,258061,2649722.804743767
14,DCF v5.1 gated hybrid,dcf_v5_1_gated_g010,0.10,-16.79642625,-4.3174931640625,259653,2674418.584370613
15,DCF v5.1 gated hybrid,dcf_v5_1_gated_g010,0.10,-18.80286875,-4.76640673828125,260902,2694119.3113002777
16,DCF v5.1 gated hybrid,dcf_v5_1_gated_g010,0.10,-16.6944725,-4.6494853515625,261910,2710605.986714363
17,DCF v5.1 gated hybrid,dcf_v5_1_gated_g010,0.10,-15.5079225,-4.37271044921875,262686,2724471.4719104767
18,DCF v5.1 gated hybrid,dcf_v5_1_gated_g010,0.10,-15.18785375,-4.4246083984375,263299,2736189.6966438293
19,DCF v5.1 gated hybrid,dcf_v5_1_gated_g010,0.10,-14.94128875,-4.4352626953125,263887,2747487.7458143234
1,DCF v5.1 gated hybrid,dcf_v5_1_gated_g025,0.25,-208.66612,-13.3625078125,101818,1034699.3413677216
2,DCF v5.1 gated hybrid,dcf_v5_1_gated_g025,0.25,-210.01344,-35.77573046875,153479,1556115.4610157013
3,DCF v5.1 gated hybrid,dcf_v5_1_gated_g025,0.25,-103.20252,-18.72072265625,173165,1758564.054178238
4,DCF v5.1 gated hybrid,dcf_v5_1_gated_g025,0.25,-48.35691,-18.1265859375,188022,1910221.2566680908
5,DCF v5.1 gated hybrid,dcf_v5_1_gated_g025,0.25,-42.884835,-20.4592421875,202053,2053088.6028079987
6,DCF v5.1 gated hybrid,dcf_v5_1_gated_g025,0.25,-34.8897875,-17.44571484375,215407,2189238.6135368347
7,DCF v5.1 gated hybrid,dcf_v5_1_gated_g025,0.25,-35.6855875,-17.340611328125,225172,2289786.677830696
8,DCF v5.1 gated hybrid,dcf_v5_1_gated_g025,0.25,-32.3447675,-16.93728515625,233922,2380305.7355680466
9,DCF v5.1 gated hybrid,dcf_v5_1_gated_g025,0.25,-30.65682,-16.003556640625,241501,2459311.1945228577
10,DCF v5.1 gated hybrid,dcf_v5_1_gated_g025,0.25,-28.55636,-11.5841875,247577,2524468.730911255
11,DCF v5.1 gated hybrid,dcf_v5_1_gated_g025,0.25,-26.64923,-8.4889765625,252885,2583233.6007966995
12,DCF v5.1 gated hybrid,dcf_v5_1_gated_g025,0.25,-22.944345,-5.39043017578125,256628,2628286.5692005157
13,DCF v5.1 gated hybrid,dcf_v5_1_gated_g025,0.25,-18.0097175,-5.2275693359375,258975,2659104.2547693253
14,DCF v5.1 gated hybrid,dcf_v5_1_gated_g025,0.25,-16.92165875,-4.3291005859375,260760,2685469.2946777344
15,DCF v5.1 gated hybrid,dcf_v5_1_gated_g025,0.25,-19.0510075,-4.90288720703125,261863,2703298.917227745
16,DCF v5.1 gated hybrid,dcf_v5_1_gated_g025,0.25,-16.50519125,-4.55633740234375,262812,2719107.363170624
17,DCF v5.1 gated hybrid,dcf_v5_1_gated_g025,0.25,-15.77623875,-4.396337890625,263494,2732057.8840637207
18,DCF v5.1 gated hybrid,dcf_v5_1_gated_g025,0.25,-15.62570125,-4.3066650390625,263997,2742900.84543705
19,DCF v5.1 gated hybrid,dcf_v5_1_gated_g025,0.25,-14.9143975,-4.3556806640625,264454,2752991.0668535233
1,DCF v5.1 gated hybrid,dcf_v5_1_gated_g050,0.50,-208.66612,-13.3625078125,101818,1034705.202589035
2,DCF v5.1 gated hybrid,dcf_v5_1_gated_g050,0.50,-210.01606,-35.7758359375,153480,1556133.147014618
3,DCF v5.1 gated hybrid,dcf_v5_1_gated_g050,0.50,-103.21096,-18.7209609375,173166,1758578.427274704
4,DCF v5.1 gated hybrid,dcf_v5_1_gated_g050,0.50,-48.931395,-18.126619140625,188060,1910656.4355707169
5,DCF v5.1 gated hybrid,dcf_v5_1_gated_g050,0.50,-42.66401,-20.471052734375,202057,2053172.5796394348
6,DCF v5.1 gated hybrid,dcf_v5_1_gated_g050,0.50,-35.0809375,-17.445857421875,215332,2188556.201648712
7,DCF v5.1 gated hybrid,dcf_v5_1_gated_g050,0.50,-35.4094825,-17.356451171875,225038,2288512.4626083374
8,DCF v5.1 gated hybrid,dcf_v5_1_gated_g050,0.50,-31.9219,-16.847234375,233813,2379268.9817848206
9,DCF v5.1 gated hybrid,dcf_v5_1_gated_g050,0.50,-30.294515,-16.010421875,241180,2456121.037299156
10,DCF v5.1 gated hybrid,dcf_v5_1_gated_g050,0.50,-27.839165,-11.51403515625,247479,2523485.0763835907
11,DCF v5.1 gated hybrid,dcf_v5_1_gated_g050,0.50,-26.7238575,-8.7631845703125,252829,2582493.141845703
12,DCF v5.1 gated hybrid,dcf_v5_1_gated_g050,0.50,-21.8588975,-5.37889453125,256495,2626747.480031967
13,DCF v5.1 gated hybrid,dcf_v5_1_gated_g050,0.50,-18.23683,-5.215955078125,258599,2655278.021654129
14,DCF v5.1 gated hybrid,dcf_v5_1_gated_g050,0.50,-16.49103875,-4.29441748046875,260259,2680495.711871147
15,DCF v5.1 gated hybrid,dcf_v5_1_gated_g050,0.50,-18.46225375,-4.6909072265625,261433,2699542.3879671097
16,DCF v5.1 gated hybrid,dcf_v5_1_gated_g050,0.50,-16.32026875,-4.74455908203125,262316,2714502.258755684
17,DCF v5.1 gated hybrid,dcf_v5_1_gated_g050,0.50,-15.5273575,-4.43608984375,263083,2728198.310464859
18,DCF v5.1 gated hybrid,dcf_v5_1_gated_g050,0.50,-15.0554975,-4.377125,263734,2740424.90947628
19,DCF v5.1 gated hybrid,dcf_v5_1_gated_g050,0.50,-14.90790125,-4.4151875,264315,2751715.733622551
