timing_step_id,method,method_key,lambda,gate_fraction,tns,wns,exported_pair_count,total_exported_weight_mass
1,DCF v5.1 gated hybrid,dcf_v5_1_gated_g025_l010,0.10,0.25,-208.66612,-13.3625078125,101818,1034699.3917226791
2,DCF v5.1 gated hybrid,dcf_v5_1_gated_g025_l010,0.10,0.25,-210.01404,-35.7761875,153479,1556115.5041103363
3,DCF v5.1 gated hybrid,dcf_v5_1_gated_g025_l010,0.10,0.25,-103.20266,-18.7206796875,173165,1758564.0861473083
4,DCF v5.1 gated hybrid,dcf_v5_1_gated_g025_l010,0.10,0.25,-48.356835,-18.12662109375,188019,1910191.281490326
5,DCF v5.1 gated hybrid,dcf_v5_1_gated_g025_l010,0.10,0.25,-42.88491,-20.459037109375,202047,2053028.7848567963
6,DCF v5.1 gated hybrid,dcf_v5_1_gated_g025_l010,0.10,0.25,-34.8904275,-17.44544921875,215407,2189239.022878647
7,DCF v5.1 gated hybrid,dcf_v5_1_gated_g025_l010,0.10,0.25,-35.68249,-17.3398984375,225204,2290107.3725938797
8,DCF v5.1 gated hybrid,dcf_v5_1_gated_g025_l010,0.10,0.25,-32.36981,-16.937646484375,234029,2381377.3035726547
9,DCF v5.1 gated hybrid,dcf_v5_1_gated_g025_l010,0.10,0.25,-30.588135,-16.01434765625,241465,2458949.1085090637
10,DCF v5.1 gated hybrid,dcf_v5_1_gated_g025_l010,0.10,0.25,-27.89315,-11.544189453125,247642,2525094.6855745316
11,DCF v5.1 gated hybrid,dcf_v5_1_gated_g025_l010,0.10,0.25,-28.1069375,-8.42566015625,253104,2585533.323442459
12,DCF v5.1 gated hybrid,dcf_v5_1_gated_g025_l010,0.10,0.25,-21.7356425,-5.39572021484375,256368,2625665.851143837
13,DCF v5.1 gated hybrid,dcf_v5_1_gated_g025_l010,0.10,0.25,-17.80162125,-5.213310546875,258222,2651526.582019806
14,DCF v5.1 gated hybrid,dcf_v5_1_gated_g025_l010,0.10,0.25,-16.89601375,-4.31982421875,259791,2675976.383219719
15,DCF v5.1 gated hybrid,dcf_v5_1_gated_g025_l010,0.10,0.25,-19.01914125,-4.877275390625,261055,2695686.87444973
1,DCF v5.2 gated hybrid,dcf_v5_2_g025_l004,0.04,0.25,-208.66612,-13.3625078125,101818,1034597.5833349228
2,DCF v5.2 gated hybrid,dcf_v5_2_g025_l004,0.04,0.25,-209.78354,-35.7798203125,153383,1555020.7328605652
3,DCF v5.2 gated hybrid,dcf_v5_2_g025_l004,0.04,0.25,-102.57962,-18.680142578125,172985,1756618.38712883
4,DCF v5.2 gated hybrid,dcf_v5_2_g025_l004,0.04,0.25,-49.539385,-18.09044921875,187883,1908791.2992038727
5,DCF v5.2 gated hybrid,dcf_v5_2_g025_l004,0.04,0.25,-43.18412,-15.4426650390625,201926,2052588.2493247986
6,DCF v5.2 gated hybrid,dcf_v5_2_g025_l004,0.04,0.25,-34.2358125,-17.43947265625,214904,2184965.1053524017
7,DCF v5.2 gated hybrid,dcf_v5_2_g025_l004,0.04,0.25,-34.5858325,-17.29251953125,224732,2286033.292424202
8,DCF v5.2 gated hybrid,dcf_v5_2_g025_l004,0.04,0.25,-32.653185,-16.8461171875,233588,2377646.1406154633
9,DCF v5.2 gated hybrid,dcf_v5_2_g025_l004,0.04,0.25,-30.937915,-15.31405859375,240578,2450930.492132187
10,DCF v5.2 gated hybrid,dcf_v5_2_g025_l004,0.04,0.25,-29.50995,-11.487337890625,247342,2523074.8261814117
11,DCF v5.2 gated hybrid,dcf_v5_2_g025_l004,0.04,0.25,-27.0447925,-8.6347138671875,252673,2581905.144388199
12,DCF v5.2 gated hybrid,dcf_v5_2_g025_l004,0.04,0.25,-22.45273,-5.37083349609375,256176,2624678.2015457153
13,DCF v5.2 gated hybrid,dcf_v5_2_g025_l004,0.04,0.25,-19.60739125,-5.2148330078125,258587,2656458.500974655
14,DCF v5.2 gated hybrid,dcf_v5_2_g025_l004,0.04,0.25,-18.12835125,-4.334,260487,2683898.9173793793
15,DCF v5.2 gated hybrid,dcf_v5_2_g025_l004,0.04,0.25,-18.4949825,-4.6640439453125,261857,2705032.553796768
1,DCF v5.2 gated hybrid,dcf_v5_2_g025_l006,0.06,0.25,-208.66612,-13.3625078125,101818,1034631.5074558258
2,DCF v5.2 gated hybrid,dcf_v5_2_g025_l006,0.06,0.25,-209.9399,-35.77804296875,153395,1555184.800163269
3,DCF v5.2 gated hybrid,dcf_v5_2_g025_l006,0.06,0.25,-102.63508,-18.693634765625,173015,1756963.3862638474
4,DCF v5.2 gated hybrid,dcf_v5_2_g025_l006,0.06,0.25,-49.494085,-18.10255859375,187926,1909255.368227005
5,DCF v5.2 gated hybrid,dcf_v5_2_g025_l006,0.06,0.25,-42.384375,-15.4714560546875,201939,2052709.1349840164
6,DCF v5.2 gated hybrid,dcf_v5_2_g025_l006,0.06,0.25,-34.32375,-17.471255859375,214831,2184224.675307274
7,DCF v5.2 gated hybrid,dcf_v5_2_g025_l006,0.06,0.25,-34.567835,-17.37528125,224607,2284779.518631935
8,DCF v5.2 gated hybrid,dcf_v5_2_g025_l006,0.06,0.25,-32.333695,-16.935712890625,233684,2378575.268893242
9,DCF v5.2 gated hybrid,dcf_v5_2_g025_l006,0.06,0.25,-31.132345,-15.098212890625,240787,2453043.8253679276
10,DCF v5.2 gated hybrid,dcf_v5_2_g025_l006,0.06,0.25,-28.230435,-11.673162109375,247402,2523532.1310806274
11,DCF v5.2 gated hybrid,dcf_v5_2_g025_l006,0.06,0.25,-26.9656875,-8.616529296875,252486,2579891.1647987366
12,DCF v5.2 gated hybrid,dcf_v5_2_g025_l006,0.06,0.25,-21.57771,-5.38236474609375,255534,2617943.489508629
13,DCF v5.2 gated hybrid,dcf_v5_2_g025_l006,0.06,0.25,-20.893475,-5.2358564453125,258027,2650679.394918442
14,DCF v5.2 gated hybrid,dcf_v5_2_g025_l006,0.06,0.25,-17.79019125,-4.4126298828125,259573,2674111.2166223526
15,DCF v5.2 gated hybrid,dcf_v5_2_g025_l006,0.06,0.25,-17.215575,-4.4286435546875,260758,2693653.496904373
1,DCF v5.2 gated hybrid,dcf_v5_2_g025_l008,0.08,0.25,-208.66612,-13.3625078125,101818,1034665.4042062759
2,DCF v5.2 gated hybrid,dcf_v5_2_g025_l008,0.08,0.25,-210.07734,-35.77734375,153451,1555789.0314006805
3,DCF v5.2 gated hybrid,dcf_v5_2_g025_l008,0.08,0.25,-103.19093,-18.70712109375,173100,1757869.714512825
4,DCF v5.2 gated hybrid,dcf_v5_2_g025_l008,0.08,0.25,-48.376235,-18.114828125,187946,1909426.1426773071
5,DCF v5.2 gated hybrid,dcf_v5_2_g025_l008,0.08,0.25,-42.9873,-20.44653515625,201908,2051601.3769874573
6,DCF v5.2 gated hybrid,dcf_v5_2_g025_l008,0.08,0.25,-34.8082325,-17.423677734375,215281,2187941.2109794617
7,DCF v5.2 gated hybrid,dcf_v5_2_g025_l008,0.08,0.25,-35.743115,-17.321244140625,225155,2289567.374633789
8,DCF v5.2 gated hybrid,dcf_v5_2_g025_l008,0.08,0.25,-32.5416875,-16.943509765625,234174,2382794.172876358
9,DCF v5.2 gated hybrid,dcf_v5_2_g025_l008,0.08,0.25,-31.280185,-15.9959765625,241670,2461063.9391698837
10,DCF v5.2 gated hybrid,dcf_v5_2_g025_l008,0.08,0.25,-28.431705,-11.505927734375,247995,2528775.9262723923
11,DCF v5.2 gated hybrid,dcf_v5_2_g025_l008,0.08,0.25,-26.60915,-8.543556640625,252994,2584427.39413929
12,DCF v5.2 gated hybrid,dcf_v5_2_g025_l008,0.08,0.25,-21.799475,-5.40459033203125,255911,2621102.305053711
13,DCF v5.2 gated hybrid,dcf_v5_2_g025_l008,0.08,0.25,-18.80297,-5.18383154296875,257862,2648250.232530594
14,DCF v5.2 gated hybrid,dcf_v5_2_g025_l008,0.08,0.25,-17.06842625,-4.33896337890625,259458,2673038.9323072433
15,DCF v5.2 gated hybrid,dcf_v5_2_g025_l008,0.08,0.25,-19.39425125,-4.844720703125,260671,2692403.808819771
16,DCF v5.2 gated hybrid,dcf_v5_2_g025_l008,0.08,0.25,-15.97637875,-4.55998388671875,261682,2708735.785671234
17,DCF v5.2 gated hybrid,dcf_v5_2_g025_l008,0.08,0.25,-15.9998775,-4.4145810546875,262476,2722993.3079862595
18,DCF v5.2 gated hybrid,dcf_v5_2_g025_l008,0.08,0.25,-15.15620375,-4.38378271484375,263033,2734194.299685478
19,DCF v5.2 gated hybrid,dcf_v5_2_g025_l008,0.08,0.25,-14.34257125,-4.259267578125,263557,2745027.8417081833
1,DCF v5.2 gated hybrid,dcf_v5_2_g025_l010,0.10,0.25,-208.66612,-13.3625078125,101818,1034699.2782058716
2,DCF v5.2 gated hybrid,dcf_v5_2_g025_l010,0.10,0.25,-210.01428,-35.77562109375,153479,1556115.4393138885
3,DCF v5.2 gated hybrid,dcf_v5_2_g025_l010,0.10,0.25,-103.20315,-18.720771484375,173165,1758564.0094413757
4,DCF v5.2 gated hybrid,dcf_v5_2_g025_l010,0.10,0.25,-48.356535,-18.126484375,188023,1910231.2236394882
5,DCF v5.2 gated hybrid,dcf_v5_2_g025_l010,0.10,0.25,-42.88507,-20.459296875,202051,2053068.6903266907
6,DCF v5.2 gated hybrid,dcf_v5_2_g025_l010,0.10,0.25,-34.89761,-17.44560546875,215408,2189249.1777391434
7,DCF v5.2 gated hybrid,dcf_v5_2_g025_l010,0.10,0.25,-35.6864075,-17.341033203125,225199,2290057.61992836
8,DCF v5.2 gated hybrid,dcf_v5_2_g025_l010,0.10,0.25,-32.3661875,-16.954013671875,233981,2380893.1566267014
9,DCF v5.2 gated hybrid,dcf_v5_2_g025_l010,0.10,0.25,-30.5630275,-16.013833984375,241465,2458945.307490349
10,DCF v5.2 gated hybrid,dcf_v5_2_g025_l010,0.10,0.25,-27.81551,-11.5704892578125,247568,2524332.9637594223
11,DCF v5.2 gated hybrid,dcf_v5_2_g025_l010,0.10,0.25,-26.51474,-8.444470703125,252913,2583498.607441902
12,DCF v5.2 gated hybrid,dcf_v5_2_g025_l010,0.10,0.25,-22.0994875,-5.39080859375,256489,2626754.509929657
13,DCF v5.2 gated hybrid,dcf_v5_2_g025_l010,0.10,0.25,-18.0420175,-5.22705224609375,258659,2655925.8493270874
14,DCF v5.2 gated hybrid,dcf_v5_2_g025_l010,0.10,0.25,-17.29287625,-4.316087890625,260178,2679940.190293312
15,DCF v5.2 gated hybrid,dcf_v5_2_g025_l010,0.10,0.25,-19.52824125,-4.843482421875,261442,2699644.6444244385
16,DCF v5.2 gated hybrid,dcf_v5_2_g025_l010,0.10,0.25,-16.86131125,-4.55938037109375,262446,2716134.8455295563
17,DCF v5.2 gated hybrid,dcf_v5_2_g025_l010,0.10,0.25,-15.64019875,-4.3652705078125,263085,2728815.184659958
18,DCF v5.2 gated hybrid,dcf_v5_2_g025_l010,0.10,0.25,-15.189755,-4.37753125,263802,2741798.343513489
19,DCF v5.2 gated hybrid,dcf_v5_2_g025_l010,0.10,0.25,-14.48963625,-4.4206005859375,264336,2752561.229669571
