case,method,method_key,variant,beta,timing_step_id,gp_iter,tns,wns,exported_pair_count,total_exported_weight_mass
superblue16,DCF v1,dcf_v1,v1,,1,510,-306.15338,-14.725646484375,344735,2313922.799386464
superblue16,DCF v1,dcf_v1,v1,,2,525,-653.34896,-34.2133515625,401070,2783169.8744246964
superblue16,DCF v1,dcf_v1,v1,,3,540,-250.92958,-20.673125,254633,1751251.166878642
superblue16,DCF v1,dcf_v1,v1,,4,555,-397.42908,-16.909171875,295731,1916810.4292635908
superblue16,DCF v1,dcf_v1,v1,,5,570,-319.71382,-29.249109375,210458,1395239.280892503
superblue16,DCF v1,dcf_v1,v1,,6,585,-405.70956,-19.042982421875,205671,1302681.918679519
superblue16,DCF v1,dcf_v1,v1,,7,600,-158.02484,-32.03155078125,205543,1293221.5708248683
superblue16,DCF v1,dcf_v1,v1,,8,615,-74.098665,-20.585689453125,179534,1042432.5375543212
superblue16,DCF v1,dcf_v1,v1,,9,630,-61.46706,-26.80998046875,171909,994503.9301664403
superblue16,DCF v1,dcf_v1,v1,,10,645,-58.43668,-20.95490625,171658,959323.5824694869
superblue16,DCF v1,dcf_v1,v1,,11,660,-83.68139,-24.878333984375,204510,1150647.351532463
superblue16,DCF v1,dcf_v1,v1,,12,675,-40.763565,-19.655919921875,171020,917613.8725649264
superblue16,DCF v1,dcf_v1,v1,,13,690,-114.24651,-18.57432421875,206674,1209294.119151437
superblue16,DCF v3b,dcf_v3b,v3b,,1,510,-306.15338,-14.725646484375,344735,773561.6995160301
superblue16,DCF v3b,dcf_v3b,v3b,,2,525,-211.56338,-15.66041796875,374151,827180.5976630574
superblue16,DCF v3b,dcf_v3b,v3b,,3,540,-56.37608,-7.38786328125,152601,344849.40555681294
superblue16,DCF v3b,dcf_v3b,v3b,,4,555,-52.17482,-7.54902978515625,162846,338515.11931140686
superblue16,DCF v3b,dcf_v3b,v3b,,5,570,-51.37042,-17.37619921875,170784,328974.53843369207
superblue16,DCF v3b,dcf_v3b,v3b,,6,585,-49.721835,-15.1298125,157886,299903.1960499977
superblue16,DCF v3b,dcf_v3b,v3b,,7,600,-65.863285,-9.08520703125,148043,282071.1140923206
superblue16,DCF v3b,dcf_v3b,v3b,,8,615,-44.397165,-10.066109375,155972,276390.9325200147
superblue16,DCF v3b,dcf_v3b,v3b,,9,630,-83.730845,-15.529119140625,162646,293622.4281257216
superblue16,DCF v3b,dcf_v3b,v3b,,10,645,-77.48334,-18.34298828125,155315,272110.96120242955
superblue16,DCF v3b,dcf_v3b,v3b,,11,660,-107.84259,-19.00681640625,182954,335392.8038892835
superblue16,DCF v3b,dcf_v3b,v3b,,12,675,-64.39739,-18.002443359375,130313,238353.81388071063
superblue16,DCF v3b,dcf_v3b,v3b,,13,690,-145.31624,-17.498828125,184677,355295.2355352827
superblue16,DCF v3c,dcf_v3c_b005,v3c,0.05,1,510,-306.15338,-14.725646484375,344735,773561.6995160301
superblue16,DCF v3c,dcf_v3c_b005,v3c,0.05,2,525,-211.56374,-15.660416015625,374148,827179.3145419392
superblue16,DCF v3c,dcf_v3c_b005,v3c,0.05,3,540,-56.375835,-7.3878623046875,152596,344842.0523099455
superblue16,DCF v3c,dcf_v3c_b005,v3c,0.05,4,555,-52.173955,-7.5489541015625,162851,338522.1141693564
superblue16,DCF v3c,dcf_v3c_b005,v3c,0.05,5,570,-51.372245,-17.375390625,170785,329031.6506244655
superblue16,DCF v3c,dcf_v3c_b005,v3c,0.05,6,585,-49.842225,-15.129125,158032,300205.6562940681
superblue16,DCF v3c,dcf_v3c_b005,v3c,0.05,7,600,-65.9061,-9.081580078125,147965,282151.511747348
superblue16,DCF v3c,dcf_v3c_b005,v3c,0.05,8,615,-44.36737,-10.066826171875,157232,278497.24806986575
superblue16,DCF v3c,dcf_v3c_b005,v3c,0.05,9,630,-83.49853,-15.526125,163345,294097.9570575004
superblue16,DCF v3c,dcf_v3c_b005,v3c,0.05,10,645,-76.681215,-18.25314453125,157187,273219.8893617061
superblue16,DCF v3c,dcf_v3c_b005,v3c,0.05,11,660,-112.10426,-19.34890625,182146,335135.4399569856
superblue16,DCF v3c,dcf_v3c_b005,v3c,0.05,12,675,-73.401575,-30.6927734375,137235,249286.6818869352
superblue16,DCF v3c,dcf_v3c_b005,v3c,0.05,13,690,-148.44763,-17.333064453125,184001,356491.66533737775
superblue16,DCF v3c,dcf_v3c_b010,v3c,0.10,1,510,-306.15338,-14.725646484375,344735,773561.6995160301
superblue16,DCF v3c,dcf_v3c_b010,v3c,0.10,2,525,-211.56396,-15.660427734375,374156,827180.1652991625
superblue16,DCF v3c,dcf_v3c_b010,v3c,0.10,3,540,-56.376595,-7.387830078125,152600,344849.1693648535
superblue16,DCF v3c,dcf_v3c_b010,v3c,0.10,4,555,-52.175075,-7.5489267578125,162891,338630.84626770404
superblue16,DCF v3c,dcf_v3c_b010,v3c,0.10,5,570,-51.362245,-17.37625,170752,328775.75920209725
superblue16,DCF v3c,dcf_v3c_b010,v3c,0.10,6,585,-49.71563,-15.1289052734375,157927,299954.4845386634
superblue16,DCF v3c,dcf_v3c_b010,v3c,0.10,7,600,-67.513195,-9.473533203125,147868,281859.5592936176
superblue16,DCF v3c,dcf_v3c_b010,v3c,0.10,8,615,-44.33365,-10.061296875,156743,277270.5131398982
superblue16,DCF v3c,dcf_v3c_b010,v3c,0.10,9,630,-82.451965,-15.4944658203125,161449,289557.1715782717
superblue16,DCF v3c,dcf_v3c_b010,v3c,0.10,10,645,-75.322465,-16.7364375,156852,273271.4938668873
superblue16,DCF v3c,dcf_v3c_b010,v3c,0.10,11,660,-99.13001,-19.070501953125,172613,314357.3868631304
superblue16,DCF v3c,dcf_v3c_b010,v3c,0.10,12,675,-93.05561,-29.7241953125,167010,305016.3227678221
superblue16,DCF v3c,dcf_v3c_b010,v3c,0.10,13,690,-85.28365,-17.207998046875,165989,300976.8315390321
superblue16,DCF v3c,dcf_v3c_b015,v3c,0.15,1,510,-306.15338,-14.725646484375,344735,773561.6995160301
superblue16,DCF v3c,dcf_v3c_b015,v3c,0.15,2,525,-211.56402,-15.660408203125,374159,827181.5744608417
superblue16,DCF v3c,dcf_v3c_b015,v3c,0.15,3,540,-56.37598,-7.3878623046875,152593,344849.3491415866
superblue16,DCF v3c,dcf_v3c_b015,v3c,0.15,4,555,-52.175185,-7.548923828125,162851,338525.6610928306
superblue16,DCF v3c,dcf_v3c_b015,v3c,0.15,5,570,-51.37056,-17.375939453125,170792,328994.37618877814
superblue16,DCF v3c,dcf_v3c_b015,v3c,0.15,6,585,-49.729425,-15.128158203125,157943,300006.4546344538
superblue16,DCF v3c,dcf_v3c_b015,v3c,0.15,7,600,-67.26215,-9.470294921875,147876,281960.26174720004
superblue16,DCF v3c,dcf_v3c_b015,v3c,0.15,8,615,-45.12512,-10.075451171875,156752,277594.1533757307
superblue16,DCF v3c,dcf_v3c_b015,v3c,0.15,9,630,-83.34209,-15.56053515625,162562,292587.2959234468
superblue16,DCF v3c,dcf_v3c_b015,v3c,0.15,10,645,-77.46283,-16.70339453125,154044,270859.03141072707
superblue16,DCF v3c,dcf_v3c_b015,v3c,0.15,11,660,-101.16953,-17.97544140625,175086,320445.80422639346
superblue16,DCF v3c,dcf_v3c_b015,v3c,0.15,12,675,-65.73623,-30.03933984375,135239,245223.9576654753
superblue16,DCF v3c,dcf_v3c_b015,v3c,0.15,13,690,-136.6618,-16.56181640625,168113,323662.37492808
superblue16,DCF v3c,dcf_v3c_b015,v3c,0.15,14,705,-86.44222,-31.558556640625,151750,273842.4319936288
superblue16,DCF v3c,dcf_v3c_b020,v3c,0.20,1,510,-306.15338,-14.725646484375,344735,773561.6995160301
superblue16,DCF v3c,dcf_v3c_b020,v3c,0.20,2,525,-211.56454,-15.660390625,374151,827181.7778101828
superblue16,DCF v3c,dcf_v3c_b020,v3c,0.20,3,540,-56.376655,-7.38786328125,152596,344849.2966903208
superblue16,DCF v3c,dcf_v3c_b020,v3c,0.20,4,555,-52.17574,-7.54899755859375,162892,338626.5623793861
superblue16,DCF v3c,dcf_v3c_b020,v3c,0.20,5,570,-51.359605,-17.37486328125,170756,328773.482965209
superblue16,DCF v3c,dcf_v3c_b020,v3c,0.20,6,585,-49.76481,-15.13095703125,157972,299988.9876390204
superblue16,DCF v3c,dcf_v3c_b020,v3c,0.20,7,600,-67.49649,-9.482154296875,147789,281693.3613911177
superblue16,DCF v3c,dcf_v3c_b020,v3c,0.20,8,615,-45.173305,-10.06781640625,156387,276789.83614838903
superblue16,DCF v3c,dcf_v3c_b020,v3c,0.20,9,630,-83.392515,-15.493302734375,163019,292965.4024226564
superblue16,DCF v3c,dcf_v3c_b020,v3c,0.20,10,645,-74.454445,-16.741626953125,154538,270563.71811539854
superblue16,DCF v3c,dcf_v3c_b020,v3c,0.20,11,660,-98.56613,-17.68205859375,175793,320337.49516367546
superblue16,DCF v3c,dcf_v3c_b020,v3c,0.20,12,675,-61.47016,-30.430623046875,135547,245401.79808453235
superblue16,DCF v3c,dcf_v3c_b020,v3c,0.20,13,690,-127.91499,-16.993703125,172665,328147.9728618023
superblue16,DCF v3c,dcf_v3c_b025,v3c,0.25,1,510,-306.15338,-14.725646484375,344735,773561.6995160301
superblue16,DCF v3c,dcf_v3c_b025,v3c,0.25,2,525,-211.56334,-15.66043359375,374159,827180.7003423787
superblue16,DCF v3c,dcf_v3c_b025,v3c,0.25,3,540,-56.37597,-7.3878583984375,152596,344841.92034286767
superblue16,DCF v3c,dcf_v3c_b025,v3c,0.25,4,555,-52.174355,-7.5489921875,162849,338524.02342269826
superblue16,DCF v3c,dcf_v3c_b025,v3c,0.25,5,570,-51.37152,-17.37568359375,170791,329031.8775510296
superblue16,DCF v3c,dcf_v3c_b025,v3c,0.25,6,585,-49.87275,-15.129935546875,158031,300173.6667515002
superblue16,DCF v3c,dcf_v3c_b025,v3c,0.25,7,600,-67.56298,-9.4743115234375,147972,282136.9304067587
superblue16,DCF v3c,dcf_v3c_b025,v3c,0.25,8,615,-44.361595,-10.060828125,156828,277993.0061064625
superblue16,DCF v3c,dcf_v3c_b025,v3c,0.25,9,630,-88.55017,-15.575658203125,162878,294075.94935026614
superblue16,DCF v3c,dcf_v3c_b025,v3c,0.25,10,645,-73.36558,-16.468865234375,155629,270778.9020720536
superblue16,DCF v3c,dcf_v3c_b025,v3c,0.25,11,660,-110.5331,-18.4519921875,176779,328005.31464276026
superblue16,DCF v3c,dcf_v3c_b025,v3c,0.25,12,675,-59.05221,-30.18838671875,135773,243486.86145451522
superblue16,DCF v3c,dcf_v3c_b025,v3c,0.25,13,690,-134.40086,-16.880048828125,170966,328712.56394553854
